"DISPLAY_ID","COURT_ROOM_ID"
1,1
2,2
2,3
2,4
2,5
2,6
2,7
2,8
2,9
2,10
2,11
2,12
2,13
2,14
2,15
2,16
2,17
2,18
2,19
2,20
2,1474
3,3
4,4
5,5
6,6
7,7
8,8
9,9
10,10
11,11
12,12
13,13
14,14
15,15
16,16
17,17
18,18
19,19
20,20
21,1
21,2
21,3
21,4
21,5
21,6
21,7
21,8
22,1
22,2
22,3
22,4
22,5
22,6
22,8
22,9
22,10
22,11
22,12
22,13
22,14
22,15
22,16
22,17
22,18
22,19
22,20
23,1
23,2
23,3
23,4
23,5
23,6
23,7
23,8
23,9
23,10
23,11
23,12
23,13
23,14
23,15
23,16
23,17
23,18
23,19
23,20
24,1
24,2
24,3
24,4
24,5
24,6
24,7
24,8
24,9
24,10
24,11
24,12
24,13
24,14
24,15
24,16
24,17
24,18
24,19
24,20
25,1
25,2
25,3
25,4
25,5
25,6
25,7
25,8
25,9
25,10
25,11
25,12
25,13
25,14
26,1
26,2
26,3
26,4
26,5
26,6
26,7
26,8
26,9
26,10
26,11
26,12
26,13
26,14
27,1
27,2
27,3
27,4
27,5
27,6
27,7
27,8
27,9
27,10
27,11
27,12
27,13
27,14
27,15
27,16
27,17
27,18
27,19
27,20
28,1
28,2
28,3
28,4
28,5
28,6
28,7
28,8
28,9
28,10
28,11
28,12
28,13
28,14
28,15
28,16
28,17
28,18
28,19
28,20
29,1
29,2
29,3
29,4
29,5
29,6
29,7
29,8
29,9
29,10
29,11
29,12
29,13
29,14
29,15
29,16
29,17
29,18
29,19
29,20
30,1
30,2
30,3
30,4
30,5
30,6
30,8
30,9
30,10
30,11
30,12
30,13
30,14
30,15
30,16
30,17
30,18
30,19
30,20
31,1
31,2
31,3
31,4
31,5
31,6
31,7
31,8
31,9
31,10
31,11
31,12
31,13
31,14
31,15
31,16
31,17
31,18
31,19
31,20
32,1
32,2
32,3
32,4
32,5
32,6
32,7
32,8
32,9
32,10
32,11
32,12
32,13
32,14
32,15
32,16
32,17
32,18
32,19
32,20
33,15
33,16
33,17
33,18
33,19
33,20
34,15
34,16
34,17
34,18
34,19
34,20
35,1
35,2
35,3
35,4
35,5
35,6
35,7
35,8
35,9
35,10
35,11
35,12
35,13
35,14
35,15
35,16
35,17
35,18
35,19
35,20
41,21
42,22
43,23
44,24
45,25
46,26
47,27
48,28
49,29
50,30
51,21
51,22
51,23
51,24
51,25
51,26
51,27
51,28
51,29
51,30
52,21
52,22
52,23
52,24
52,25
52,26
52,27
52,28
52,29
52,30
53,21
53,22
53,23
53,24
53,25
53,26
53,27
53,28
53,29
53,30
54,21
54,22
54,23
54,24
54,25
54,26
54,27
54,28
54,29
54,30
55,21
55,22
55,23
55,24
55,25
56,21
56,22
56,23
56,24
56,25
57,21
57,22
57,23
57,24
57,25
57,26
57,27
57,28
57,29
57,30
58,21
58,22
58,23
58,24
58,25
58,26
58,27
58,28
58,29
58,30
59,21
59,22
59,23
59,24
59,25
59,26
59,27
59,28
59,29
59,30
60,21
60,22
60,23
60,24
60,25
60,26
60,27
60,28
60,29
60,30
61,21
61,22
61,23
61,24
61,25
61,26
61,27
61,28
61,29
61,30
62,21
62,22
62,23
62,24
62,25
62,26
62,27
62,28
62,29
62,30
63,26
63,27
63,28
63,29
63,30
64,26
64,27
64,28
64,29
64,30
65,21
65,22
65,23
65,24
65,25
65,26
65,27
65,28
65,29
65,30
71,31
72,32
73,33
74,34
75,35
76,36
77,37
78,38
91,31
91,32
91,33
91,34
91,35
91,36
91,37
91,38
92,31
92,32
92,33
92,34
92,35
92,36
92,37
92,38
93,31
93,32
93,33
93,34
93,35
93,36
93,37
93,38
94,31
94,32
94,33
94,34
94,35
94,36
94,37
94,38
95,31
95,32
95,33
95,34
95,35
95,36
95,37
95,38
96,31
96,32
96,33
96,34
96,35
96,36
96,37
96,38
97,31
97,32
97,33
97,34
97,35
97,36
97,37
97,38
98,31
98,32
98,33
98,34
98,35
98,36
98,37
98,38
99,31
99,32
99,33
99,34
99,35
99,36
99,37
99,38
100,31
100,32
100,33
100,34
100,35
100,36
100,37
100,38
101,31
101,32
101,33
101,34
101,35
101,36
101,37
101,38
102,31
102,32
102,33
102,34
102,35
102,36
102,37
102,38
105,31
105,32
105,33
105,34
105,35
105,36
105,37
105,38
110,1
110,2
110,3
110,4
110,5
110,6
110,7
110,8
110,9
110,10
110,11
110,12
110,13
110,14
110,15
110,16
110,17
110,18
110,19
110,20
116,55
117,55
117,56
117,57
117,58
117,1549
117,1550
117,1551
117,1552
117,1553
117,1554
117,7067
118,55
118,56
119,55
119,56
120,55
120,56
121,59
121,60
121,61
121,62
121,63
121,64
121,65
121,66
121,67
121,68
121,69
122,59
122,60
122,61
122,62
122,63
122,64
122,65
122,66
122,67
122,68
122,69
123,60
124,61
125,62
126,63
127,64
128,65
129,66
130,67
131,68
132,69
133,59
133,60
133,61
133,62
133,63
133,64
133,65
133,66
133,67
133,68
133,69
134,59
134,60
134,61
134,62
134,63
134,64
134,65
134,66
134,67
134,68
134,69
135,59
135,60
135,61
135,62
135,63
135,64
135,65
135,66
135,67
135,68
135,69
136,59
136,60
136,61
136,62
136,63
136,64
136,65
136,66
136,67
136,68
136,69
137,59
137,60
137,61
137,62
137,63
137,64
137,65
137,66
137,67
137,68
137,69
150,80
150,81
150,82
150,83
150,84
150,85
151,80
151,81
151,82
151,83
151,84
151,85
152,80
152,81
152,82
152,83
152,84
152,85
153,80
153,81
153,82
153,83
153,84
153,85
153,86
153,1608
153,1609
153,1610
153,7071
154,81
155,82
156,83
157,84
158,85
159,80
159,81
159,82
159,83
159,84
159,85
160,80
160,81
160,82
160,83
160,84
160,85
161,80
161,81
161,82
161,83
161,84
161,85
162,87
162,88
162,89
162,90
163,87
163,88
163,89
163,90
164,87
164,88
164,89
164,90
165,87
165,88
165,89
165,90
165,91
165,92
165,1587
165,1588
165,1589
165,1590
165,7066
166,88
167,89
168,90
169,87
169,88
169,89
169,90
170,87
170,88
170,89
170,90
171,55
171,56
171,57
171,58
172,59
172,60
172,61
172,62
172,63
172,64
172,65
172,66
172,67
172,68
172,69
173,87
173,88
173,89
173,90
174,80
174,81
174,82
174,83
174,84
174,85
175,121
175,122
175,123
175,124
175,125
176,121
176,122
176,123
176,124
176,125
177,121
177,122
177,123
177,124
177,125
178,121
178,122
178,123
178,124
178,125
178,126
178,127
178,1621
178,1622
178,1623
178,1624
178,1625
178,7068
179,121
180,122
181,123
182,124
183,121
183,122
183,123
183,124
183,125
184,121
184,122
184,123
184,124
184,125
185,121
185,122
185,123
185,124
185,125
186,121
186,122
186,123
186,124
186,125
187,126
187,127
188,126
189,127
190,126
190,127
191,126
191,127
192,121
192,122
192,123
192,124
192,125
192,126
192,127
193,139
193,140
193,141
193,142
193,143
193,144
194,139
194,140
194,141
194,142
194,143
194,144
195,139
195,140
195,141
195,142
195,143
195,144
196,139
197,140
198,141
199,142
200,143
201,144
202,139
202,140
202,141
202,142
202,143
202,144
203,139
203,140
203,141
203,142
203,143
203,144
204,139
204,140
204,141
204,142
204,143
204,144
205,139
205,140
205,141
205,142
205,143
205,144
206,139
206,140
206,141
206,142
206,143
206,144
208,165
208,166
208,167
208,168
208,169
208,170
208,171
208,172
208,173
208,174
209,165
209,166
209,167
209,168
209,169
209,170
209,171
209,172
209,173
209,174
210,165
210,166
210,167
210,168
210,169
210,170
210,171
210,172
210,173
210,174
211,165
211,166
211,167
211,168
211,169
211,170
211,171
211,172
211,173
211,174
211,1555
212,165
213,167
214,168
215,169
216,170
217,171
218,172
219,173
220,174
221,165
221,166
221,167
221,168
221,169
221,170
221,171
221,172
221,173
221,174
222,165
222,166
222,167
222,168
222,169
222,170
222,171
222,172
222,173
222,174
223,165
223,166
223,167
223,168
223,169
223,170
223,171
223,172
223,173
223,174
224,181
224,182
225,181
225,182
225,1629
225,1630
225,1631
225,1633
225,1634
225,1635
225,1636
225,1637
225,7069
226,182
227,181
227,182
228,181
228,182
229,183
229,184
230,183
230,184
231,183
232,184
233,183
233,184
234,183
234,184
235,183
235,184
236,194
236,195
236,196
236,197
236,198
236,199
236,200
236,201
236,202
236,203
236,207
236,208
237,194
237,195
237,196
237,197
237,198
237,199
237,200
237,201
237,202
237,203
237,205
237,207
237,208
238,194
238,195
238,196
238,197
238,198
238,199
238,200
238,201
238,202
238,203
238,205
238,207
238,208
239,194
239,195
239,196
239,197
239,198
239,199
239,200
239,201
239,202
239,203
239,204
239,205
239,206
239,207
239,208
239,209
239,7073
240,195
241,196
242,197
243,198
244,200
245,201
246,202
247,203
248,194
248,195
248,196
248,197
248,198
248,199
248,200
248,201
248,202
248,203
248,207
248,208
249,194
249,195
249,196
249,197
249,198
249,199
249,200
249,201
249,202
249,203
249,207
249,208
250,194
250,195
250,196
250,197
250,198
250,199
250,200
250,201
250,202
250,203
250,204
250,205
250,206
250,207
250,208
250,209
251,205
251,206
252,205
252,206
253,205
253,206
254,207
255,208
256,207
256,208
256,209
257,207
257,208
257,209
258,207
258,208
258,209
259,215
259,216
259,217
259,218
260,215
260,216
260,218
261,215
261,216
261,217
261,218
262,215
263,216
264,218
265,215
265,216
265,217
265,218
266,215
266,216
266,217
266,218
267,215
267,216
267,217
267,218
268,215
268,216
268,217
268,218
269,225
269,226
269,227
270,225
270,226
270,227
271,225
272,226
273,227
274,225
274,226
274,227
275,225
275,226
275,227
276,225
276,226
276,227
277,228
277,229
277,230
278,228
278,229
278,230
279,228
279,229
279,230
280,228
280,229
280,230
281,228
281,229
281,230
281,242
281,1661
281,1662
281,1663
281,1664
281,1666
281,1668
281,7070
282,229
283,228
283,229
283,230
284,228
284,229
284,230
285,204
286,250
286,251
286,252
286,253
286,254
286,255
286,256
286,257
287,250
287,251
287,252
287,253
287,254
287,255
287,256
287,257
288,250
288,251
288,252
288,253
288,254
288,255
288,256
288,257
289,250
289,251
289,252
289,253
289,254
289,255
289,256
289,257
290,250
290,251
290,252
290,253
290,254
290,255
290,256
290,257
291,250
291,251
291,252
291,253
291,254
291,255
291,256
291,257
291,1646
291,1647
291,7072
292,252
293,253
294,254
295,255
296,256
297,250
297,251
297,252
297,253
297,254
297,255
297,256
297,257
298,250
298,251
298,252
298,253
298,254
298,255
298,256
298,257
299,258
299,259
299,260
299,261
299,262
299,263
299,264
299,265
299,266
300,258
300,259
300,260
300,261
300,262
300,263
300,264
300,265
300,266
301,258
301,259
301,260
301,261
301,262
301,263
301,264
301,265
301,266
302,258
302,259
302,260
302,261
302,262
302,263
302,264
302,265
302,266
303,258
303,259
303,260
303,261
303,262
303,263
303,264
303,265
303,266
304,266
305,258
306,259
307,260
308,261
309,262
310,263
311,264
312,265
313,258
313,259
313,260
313,261
313,262
313,263
313,264
313,265
313,266
314,258
314,259
314,260
314,261
314,262
314,263
314,264
314,265
314,266
315,258
315,259
315,260
315,261
315,262
315,263
315,264
315,265
315,266
316,258
316,259
316,260
316,261
316,262
316,263
316,264
316,265
316,266
317,282
317,283
317,284
317,285
317,286
317,287
317,288
318,282
318,283
318,284
318,285
318,286
318,287
318,288
319,282
319,283
319,284
319,285
319,286
319,287
319,288
320,282
320,283
320,284
320,285
320,286
320,287
320,288
321,282
321,283
321,284
321,285
321,286
321,287
321,288
322,282
322,283
322,284
322,285
322,286
322,287
322,288
322,386
322,2617
322,2618
322,2619
323,283
324,284
325,285
326,288
327,286
328,287
329,282
329,283
329,284
329,285
329,286
329,287
329,288
330,282
330,283
330,284
330,285
330,286
330,287
330,288
330,386
331,307
331,308
331,309
331,310
331,311
331,312
331,313
331,314
331,315
331,316
331,317
331,318
331,319
331,320
331,321
331,322
332,307
332,308
332,309
332,310
332,311
332,312
332,313
332,314
332,315
332,316
332,317
332,318
332,319
332,320
332,321
332,322
333,307
333,308
333,309
333,310
333,311
333,312
333,313
333,314
333,315
333,316
333,317
333,318
333,319
333,320
333,321
333,322
334,307
334,308
334,309
334,310
334,311
334,312
334,313
334,314
334,315
334,316
334,317
334,318
334,319
334,320
334,321
334,322
335,308
336,309
337,310
338,311
339,312
340,313
341,314
342,315
343,316
344,307
345,307
345,308
345,309
345,310
345,311
345,312
345,313
345,314
345,315
345,316
345,317
345,318
345,319
345,320
345,321
345,322
346,307
346,308
346,309
346,310
346,311
346,312
346,313
346,314
346,315
346,316
346,317
346,318
346,319
346,320
346,321
346,322
347,326
347,327
348,326
348,327
349,326
349,327
350,326
350,327
351,326
352,327
353,326
353,327
354,326
354,327
355,328
355,329
355,330
356,328
356,329
356,330
357,328
358,329
359,330
360,328
360,329
360,330
361,328
361,329
361,330
362,328
362,329
362,330
363,341
363,342
363,343
363,344
363,345
363,346
363,347
363,348
363,349
363,350
364,341
364,342
364,343
364,344
364,345
364,346
364,347
364,348
364,349
364,350
365,341
365,342
365,343
365,344
365,345
365,346
365,347
365,348
365,349
365,350
366,341
366,342
366,343
366,344
366,345
366,346
366,347
366,348
366,349
366,350
367,341
367,342
367,343
367,344
367,345
367,346
367,347
367,348
367,349
367,350
367,7088
368,342
369,343
370,344
371,345
372,346
373,347
374,348
375,349
376,341
376,342
376,343
376,344
376,345
376,346
376,347
376,348
376,349
376,350
377,341
377,342
377,343
377,344
377,345
377,346
377,347
377,348
377,349
377,350
378,341
378,342
378,343
378,344
378,345
378,346
378,347
378,348
378,349
378,350
379,361
379,362
379,363
379,364
379,365
379,366
380,366
381,361
382,362
383,363
384,364
385,361
385,362
385,363
385,364
385,365
385,366
386,361
386,362
386,363
386,364
386,365
386,366
387,361
387,362
387,363
387,364
387,365
387,366
388,361
388,362
388,363
388,364
388,365
388,366
389,361
389,362
389,363
389,364
389,365
389,366
390,404
390,405
390,406
390,407
390,408
390,409
391,404
391,405
391,406
391,407
391,408
391,409
392,407
393,406
394,405
395,404
395,405
395,406
395,407
395,408
395,409
395,410
395,2198
395,2199
395,2200
395,2201
395,7075
396,404
396,405
396,406
396,407
396,408
396,409
397,404
397,405
397,406
397,407
397,408
397,409
398,404
398,405
398,406
398,407
398,408
398,409
399,404
399,405
399,406
399,407
399,408
399,409
400,404
400,405
400,406
400,407
400,408
400,409
400,410
401,410
402,410
403,404
403,405
403,406
403,407
403,408
403,409
403,410
404,411
404,412
404,413
404,414
404,415
404,416
405,411
405,412
405,413
405,414
405,415
406,411
406,412
406,413
406,414
406,415
406,416
407,411
408,412
409,413
410,414
411,415
412,411
412,412
412,413
412,414
412,415
413,411
413,412
413,413
413,414
413,415
414,411
414,412
414,413
414,414
414,415
414,416
415,411
415,412
415,413
415,414
415,415
415,416
416,448
416,449
416,450
417,448
417,449
417,450
418,448
418,449
418,450
419,448
419,449
419,450
419,1560
419,1561
419,1562
419,1563
419,1564
419,1565
419,1566
419,7087
420,449
421,448
421,449
421,450
422,448
422,449
422,450
423,451
423,452
423,453
423,454
423,455
423,456
423,457
423,458
423,459
423,460
424,451
424,452
424,453
424,454
424,455
424,456
424,457
424,458
424,459
424,460
425,451
425,452
425,453
425,454
425,455
425,456
425,457
425,458
425,459
425,460
425,7117
426,452
427,453
428,454
429,455
430,456
431,457
432,458
433,451
433,452
433,453
433,454
433,455
433,456
433,457
433,458
433,459
433,460
434,451
434,452
434,453
434,454
434,455
434,456
434,457
434,458
434,459
434,460
435,451
435,452
435,453
435,454
435,455
435,456
435,457
435,458
435,459
435,460
436,451
436,452
436,453
436,454
436,455
436,456
436,457
436,458
436,459
436,460
437,474
437,475
437,476
437,477
437,478
437,479
437,480
437,481
437,482
437,483
437,484
437,485
437,486
437,487
437,488
437,489
437,490
438,474
438,475
438,476
438,477
438,478
438,479
438,480
438,481
438,482
438,483
438,484
438,485
438,486
438,487
438,488
438,489
438,490
439,474
439,475
439,476
439,477
439,478
439,479
439,480
439,481
439,482
439,483
439,484
439,485
439,486
439,487
439,488
439,489
439,490
440,474
440,475
440,476
440,477
440,478
440,479
440,480
440,481
440,482
440,483
440,484
440,485
440,486
440,487
440,488
440,489
440,490
441,474
441,475
441,476
441,477
441,478
441,479
441,480
441,481
441,482
441,483
441,484
441,485
441,486
441,487
441,488
441,489
441,490
442,474
442,475
442,476
442,477
442,478
442,479
442,480
442,481
442,482
442,483
442,484
442,485
442,486
442,487
442,488
442,489
442,490
443,475
444,476
445,477
446,478
447,479
448,480
449,481
450,482
451,483
452,484
453,485
454,486
455,487
456,474
456,475
456,476
456,477
456,478
456,479
456,480
456,481
456,482
456,483
456,484
456,485
456,486
456,487
456,488
456,489
456,490
457,474
457,475
457,476
457,477
457,478
457,479
457,480
457,481
457,482
457,483
457,484
457,485
457,486
457,487
457,488
457,489
457,490
458,474
458,475
458,476
458,477
458,478
458,479
458,480
458,481
458,482
458,483
458,484
458,485
458,486
458,487
458,488
458,489
458,490
459,474
459,475
459,476
459,477
459,478
459,479
459,480
459,481
459,482
459,483
459,484
459,485
459,486
459,487
459,488
459,489
459,490
460,519
460,520
460,521
460,522
460,523
461,519
461,520
461,521
461,522
461,523
462,519
462,520
462,521
462,522
462,523
463,520
464,519
464,520
464,521
464,522
464,523
464,1375
464,1770
464,1771
464,1772
464,1773
464,1774
464,7113
465,521
466,522
467,519
467,520
467,521
467,522
467,523
468,519
468,520
468,521
468,522
468,523
469,519
469,520
469,521
469,522
469,523
470,519
470,520
470,521
470,522
470,523
471,524
471,525
471,526
471,527
471,528
472,524
472,525
472,526
472,527
472,528
473,524
473,525
473,526
473,527
473,528
473,1008
473,1371
473,1604
473,1605
473,1606
473,1607
473,7129
474,525
475,526
476,527
477,524
477,525
477,526
477,527
477,528
478,524
478,525
478,526
478,527
478,528
479,524
479,525
479,526
479,527
479,528
480,524
480,525
480,526
480,527
480,528
481,529
481,530
482,529
482,530
483,529
483,530
483,1052
483,1567
483,1568
483,1569
483,1570
483,1571
483,1572
483,1573
483,1574
483,7074
484,530
485,529
485,530
486,540
486,541
486,542
487,540
487,541
487,542
488,540
489,541
490,542
491,540
491,541
491,542
492,540
492,541
492,542
493,540
493,541
493,542
494,543
494,544
494,545
494,546
494,547
495,543
495,544
495,545
495,546
495,547
496,546
497,544
498,545
499,543
500,543
500,544
500,545
500,546
500,547
501,543
501,544
501,545
501,546
501,547
502,543
502,544
502,545
502,546
502,547
502,548
502,549
503,548
503,549
504,548
504,549
505,548
505,549
506,543
506,544
506,545
506,546
506,547
506,548
506,549
507,562
507,563
507,564
507,565
507,566
507,567
507,568
507,569
507,570
507,571
507,572
507,573
507,574
507,575
507,576
507,577
507,578
507,579
507,580
507,581
507,582
507,583
507,584
507,585
507,586
507,587
507,588
507,589
507,590
508,564
508,565
508,566
508,567
508,568
508,569
509,570
509,571
509,572
509,573
509,574
509,575
510,576
510,577
510,578
510,579
510,580
510,581
511,562
511,563
511,564
511,565
511,566
511,567
511,568
511,569
511,570
511,571
511,572
511,573
511,574
511,575
511,576
511,577
511,578
511,579
511,580
511,581
511,582
511,583
511,584
511,585
511,586
511,587
511,588
511,589
511,590
511,591
512,587
513,564
514,565
515,566
516,567
517,568
518,569
519,570
520,571
521,572
522,573
523,574
524,575
525,576
526,577
527,578
528,579
529,580
530,581
531,582
532,583
533,562
533,563
533,564
533,565
533,566
533,567
533,568
533,569
533,570
533,571
533,572
533,573
533,574
533,575
533,576
533,577
533,578
533,579
533,580
533,581
533,582
533,583
533,584
533,585
533,586
533,587
533,588
533,589
533,590
534,562
534,563
534,564
534,565
534,566
534,567
534,568
534,569
534,570
534,571
534,572
534,573
534,574
534,575
534,576
534,577
534,578
534,579
534,580
534,581
534,582
534,583
534,584
534,585
534,586
534,587
534,588
534,589
534,590
535,562
535,563
535,564
535,565
535,566
535,567
535,568
535,569
535,570
535,571
535,572
535,573
535,574
535,575
535,576
535,577
535,578
535,579
535,580
535,581
535,582
535,583
535,584
535,585
535,586
535,587
535,588
535,589
535,590
536,562
536,563
536,564
536,565
536,566
536,567
536,568
536,569
536,570
536,571
536,572
536,573
536,574
536,575
536,576
536,577
536,578
536,579
536,580
536,581
536,582
536,583
536,584
536,585
536,586
536,587
536,588
536,589
536,590
537,562
537,563
537,564
537,565
537,566
537,567
537,568
537,569
537,570
537,571
537,572
537,573
537,574
537,575
537,576
537,577
537,578
537,579
537,580
537,581
537,582
537,583
537,584
537,585
537,586
537,587
537,588
537,589
537,590
538,636
538,637
538,638
538,639
538,640
539,636
539,637
539,638
539,639
539,640
540,636
541,637
542,638
543,639
544,636
544,637
544,638
544,639
544,640
545,636
545,637
545,638
545,639
545,640
546,636
546,637
546,638
546,639
546,640
547,636
547,637
547,638
547,639
547,640
548,636
548,637
548,638
548,639
548,640
548,641
549,636
549,637
549,638
549,639
549,640
549,641
550,653
550,654
550,655
550,656
551,653
551,654
551,655
551,656
552,655
553,654
554,653
554,654
554,655
554,656
554,1734
554,1735
554,1739
554,1743
554,1746
554,1748
554,7112
555,653
555,654
555,655
555,656
556,653
556,654
556,655
556,656
557,653
557,654
557,655
557,656
558,653
558,654
558,655
558,656
559,657
559,658
559,659
559,660
560,657
560,658
560,659
560,660
561,657
561,658
561,659
561,660
562,657
562,658
562,659
562,660
562,1665
562,1667
562,1669
562,1670
562,1671
562,1672
562,7130
563,658
564,659
565,657
565,658
565,659
565,660
566,657
566,658
566,659
566,660
567,657
567,658
567,659
567,660
568,675
568,676
568,677
568,678
568,679
568,680
568,681
568,682
568,683
568,684
568,685
568,686
568,687
568,688
568,689
568,690
568,691
568,692
568,693
568,694
569,675
569,676
569,677
569,678
569,679
569,680
569,681
569,682
569,683
569,684
569,685
569,686
569,687
569,688
569,689
569,690
569,691
569,692
569,693
569,694
570,675
570,676
570,677
570,678
570,679
570,680
570,681
570,682
570,683
570,684
570,685
570,686
570,687
570,688
570,689
570,690
570,691
570,692
570,693
570,694
571,675
571,676
571,677
571,678
571,679
571,680
571,681
571,682
571,683
571,684
571,685
571,686
571,687
571,688
571,689
571,690
571,691
571,692
571,693
571,694
572,675
572,676
572,677
572,678
572,679
572,680
572,681
572,682
572,683
572,684
572,685
572,686
572,687
572,688
572,689
572,690
572,691
572,692
572,693
572,694
573,675
573,676
573,677
573,678
573,679
573,680
573,681
573,682
573,683
573,684
573,685
573,686
573,687
573,688
573,689
573,690
573,691
573,692
573,693
573,694
574,675
574,676
574,677
574,678
574,679
574,680
574,681
574,682
574,683
574,684
574,685
574,686
574,687
574,688
574,689
574,690
574,691
574,692
574,693
574,694
575,675
575,676
575,677
575,678
575,679
575,680
575,681
575,682
575,683
575,684
575,685
575,686
575,687
575,688
575,689
575,690
575,691
575,692
575,693
575,694
576,675
576,676
576,677
576,678
576,679
576,680
576,681
576,682
576,683
576,684
576,685
576,686
576,687
576,688
576,689
576,690
576,691
576,692
576,693
576,694
577,675
577,676
577,677
577,678
577,679
577,680
577,681
577,682
577,683
577,684
577,685
577,686
577,687
577,688
577,689
577,690
577,691
577,692
577,693
577,694
578,675
578,676
578,677
578,678
578,679
578,680
578,681
578,682
578,683
578,684
578,685
578,686
578,687
578,688
578,689
578,690
578,691
578,692
578,693
578,694
579,675
579,676
579,677
579,678
579,679
579,680
579,681
579,682
579,683
579,684
579,685
579,686
579,687
579,688
579,689
579,690
579,691
579,692
579,693
579,694
580,675
580,676
580,677
580,678
580,679
580,680
580,681
580,682
580,683
580,684
580,685
580,686
580,687
580,688
580,689
580,690
580,691
580,692
580,693
580,694
581,675
581,676
581,677
581,678
581,679
581,680
581,681
581,682
581,683
581,684
581,685
581,686
581,687
581,688
581,689
581,690
581,691
581,692
581,693
581,694
582,675
582,676
582,677
582,678
582,679
582,680
582,681
582,682
582,683
582,684
582,685
582,686
582,687
582,688
582,689
582,690
582,691
582,692
582,693
582,694
583,691
584,692
585,687
586,688
587,689
588,690
589,676
590,677
591,675
592,678
593,679
594,680
595,681
596,682
597,683
598,684
599,685
600,686
601,675
601,676
601,677
601,678
601,679
601,680
601,681
601,682
601,683
601,684
601,685
601,686
601,687
601,688
601,689
601,690
601,691
601,692
601,693
601,694
602,675
602,676
602,677
602,678
602,679
602,680
602,681
602,682
602,683
602,684
602,685
602,686
602,687
602,688
602,689
602,690
602,691
602,692
602,693
602,694
603,675
603,676
603,677
603,678
603,679
603,680
603,681
603,682
603,683
603,684
603,685
603,686
603,687
603,688
603,689
603,690
603,691
603,692
603,693
603,694
604,675
604,676
604,677
604,678
604,679
604,680
604,681
604,682
604,683
604,684
604,685
604,686
604,687
604,688
604,689
604,690
604,691
604,692
604,693
604,694
605,675
605,676
605,677
605,678
605,679
605,680
605,681
605,682
605,683
605,684
605,685
605,686
605,687
605,688
605,689
605,690
605,691
605,692
605,693
605,694
606,675
606,676
606,677
606,678
606,679
606,680
606,681
606,682
606,683
606,684
606,685
606,686
606,687
606,688
606,689
606,690
606,691
606,692
606,693
606,694
607,675
607,676
607,677
607,678
607,679
607,680
607,681
607,682
607,683
607,684
607,685
607,686
607,687
607,688
607,689
607,690
607,691
607,692
607,693
607,694
608,675
608,676
608,677
608,678
608,679
608,680
608,681
608,682
608,683
608,684
608,685
608,686
608,687
608,688
608,689
608,690
608,691
608,692
608,693
608,694
609,675
609,676
609,677
609,678
609,679
609,680
609,681
609,682
609,683
609,684
609,685
609,686
609,687
609,688
609,689
609,690
609,691
609,692
609,693
609,694
610,735
610,736
610,737
610,738
610,739
611,735
611,736
611,737
611,738
611,739
612,735
612,736
612,737
612,738
612,739
613,735
613,736
613,737
613,738
613,739
613,1641
613,1642
613,1643
613,1644
613,1645
613,7131
614,736
615,737
616,738
617,735
617,736
617,737
617,738
617,739
618,735
618,736
618,737
618,738
618,739
619,740
619,741
619,742
619,743
619,744
619,745
619,746
619,747
620,740
620,741
620,742
620,743
620,744
620,745
620,746
620,747
621,740
621,741
621,742
621,743
621,744
621,745
621,746
621,747
622,746
623,745
624,744
625,743
626,742
627,741
628,740
629,747
630,740
630,741
630,742
630,743
630,744
630,745
630,746
630,747
631,740
631,741
631,742
631,743
631,744
631,745
631,746
631,747
632,740
632,741
632,742
632,743
632,744
632,745
632,746
632,747
633,750
633,751
633,752
633,753
633,754
633,755
633,756
633,757
633,758
633,759
633,760
633,761
633,762
633,763
633,764
633,765
633,766
633,767
634,750
634,751
634,752
634,753
634,754
634,755
634,756
634,757
634,758
634,759
634,760
634,761
634,762
634,763
634,764
634,765
634,766
634,767
635,750
635,751
635,752
635,753
635,754
635,755
635,756
635,757
635,758
635,759
635,760
635,761
635,762
635,763
635,764
635,765
635,766
635,767
636,750
636,751
636,752
636,753
636,754
636,755
636,756
636,757
636,758
636,759
636,760
636,761
636,762
636,763
636,764
636,765
636,766
636,767
637,764
638,751
639,755
640,754
641,753
642,752
643,756
644,757
645,758
646,759
647,760
648,761
649,762
650,763
651,750
651,751
651,752
651,753
651,754
651,755
651,756
651,757
651,758
651,759
651,760
651,761
651,762
651,763
651,764
651,765
651,766
651,767
652,750
652,751
652,752
652,753
652,754
652,755
652,756
652,757
652,758
652,759
652,760
652,761
652,762
652,763
652,764
652,765
652,766
652,767
653,750
653,751
653,752
653,753
653,754
653,755
653,756
653,757
653,758
653,759
653,760
653,761
653,762
653,763
653,764
653,765
653,766
653,767
654,750
654,751
654,752
654,753
654,754
654,755
654,756
654,757
654,758
654,759
654,760
654,761
654,762
654,763
654,764
654,765
654,766
654,767
655,788
655,789
655,790
655,791
655,792
655,793
655,794
655,795
655,796
655,797
656,788
656,789
656,790
656,791
656,792
656,793
656,794
656,795
656,796
656,797
657,788
657,789
657,790
657,791
657,792
657,793
657,794
657,795
657,796
657,797
658,788
658,789
658,790
658,791
658,792
658,793
658,794
658,795
658,796
658,797
659,788
660,789
661,790
662,791
663,792
664,793
665,794
666,795
667,788
667,789
667,790
667,791
667,792
667,793
667,794
667,795
667,796
667,797
668,788
668,789
668,790
668,791
668,792
668,793
668,794
668,795
668,796
668,797
669,798
669,799
669,800
669,801
669,802
669,803
669,1480
670,798
670,799
670,800
670,801
670,802
670,803
670,1480
671,798
671,799
671,800
671,801
671,802
671,803
671,1480
672,798
672,799
672,800
672,801
672,802
672,803
672,1480
673,798
673,799
673,800
673,801
673,802
673,803
673,1480
674,798
674,799
674,800
674,801
674,802
674,803
674,1480
674,1638
674,1639
674,1640
674,7114
675,798
676,800
677,801
678,802
679,803
680,1480
681,798
681,799
681,800
681,801
681,802
681,803
681,1480
682,798
682,799
682,800
682,801
682,802
682,803
682,1480
683,798
683,799
683,800
683,801
683,802
683,803
683,1480
684,817
684,818
684,819
684,820
684,821
684,822
684,823
684,824
684,825
684,826
685,817
685,818
685,819
685,820
685,821
685,822
685,823
685,824
685,825
685,826
686,817
686,818
686,819
686,820
686,821
686,822
686,823
686,824
686,825
686,826
687,817
687,818
687,819
687,820
687,821
687,822
687,823
687,824
687,825
687,826
688,817
689,818
690,819
691,820
692,821
693,822
694,823
695,824
696,817
696,818
696,819
696,820
696,821
696,822
696,823
696,824
696,825
696,826
697,817
697,818
697,819
697,820
697,821
697,822
697,823
697,824
697,825
697,826
698,817
698,818
698,819
698,820
698,821
698,822
698,823
698,824
698,825
698,826
699,837
699,838
699,839
699,840
699,841
699,842
699,843
699,844
699,845
699,846
699,847
699,848
700,837
700,838
700,839
700,840
700,841
700,842
700,843
700,844
700,845
700,846
700,847
700,848
701,837
701,838
701,839
701,840
701,841
701,842
701,843
701,844
701,845
701,846
701,847
701,848
702,837
702,838
702,839
702,840
702,841
702,842
702,843
702,844
702,845
702,846
702,847
702,848
703,837
704,838
705,839
706,840
707,843
708,844
709,845
710,841
711,842
712,846
713,847
714,848
715,837
715,838
715,839
715,840
715,841
715,842
715,843
715,844
715,845
715,846
715,847
715,848
716,837
716,838
716,839
716,840
716,841
716,842
716,843
716,844
716,845
716,846
716,847
716,848
717,837
717,838
717,839
717,840
717,841
717,842
717,843
717,844
717,845
717,846
717,847
717,848
718,837
718,838
718,839
718,840
718,841
718,842
718,843
718,844
718,845
718,846
718,847
718,848
719,867
719,868
719,869
719,870
719,871
719,872
719,873
720,867
720,868
720,869
720,870
720,871
720,872
720,873
721,868
722,867
722,868
722,869
722,870
722,871
722,872
722,873
722,1626
722,1627
722,1628
722,7116
723,871
724,869
725,872
726,873
727,870
728,867
728,868
728,869
728,870
728,871
728,872
728,873
729,867
729,868
729,869
729,870
729,871
729,872
729,873
730,867
730,868
730,869
730,870
730,871
730,872
730,873
731,867
731,868
731,869
731,870
731,871
731,872
731,873
732,874
732,875
732,876
732,877
732,878
732,879
732,880
732,881
732,882
732,883
733,874
733,875
733,876
733,877
733,878
733,879
733,880
733,881
733,882
733,883
734,874
734,875
734,876
734,877
734,878
734,879
734,880
734,881
734,882
734,883
735,874
735,875
735,876
735,877
735,878
735,879
735,880
735,881
735,882
735,883
736,874
736,875
736,876
736,877
736,878
736,879
736,880
736,881
736,882
736,883
737,874
737,875
737,876
737,877
737,878
737,879
737,880
737,881
737,882
737,883
738,874
738,875
738,876
738,877
738,878
738,879
738,880
738,881
738,882
738,883
738,7115
739,875
740,876
741,877
742,878
743,879
744,880
745,881
746,882
747,883
748,874
748,875
748,876
748,877
748,878
748,879
748,880
748,881
748,882
748,883
749,874
749,875
749,876
749,877
749,878
749,879
749,880
749,881
749,882
749,883
750,874
750,875
750,876
750,877
750,878
750,879
750,880
750,881
750,882
750,883
751,889
751,890
751,891
751,892
751,893
751,894
751,895
751,896
751,897
751,898
751,899
751,900
752,889
752,890
752,891
752,892
752,893
752,894
752,895
752,896
752,897
752,898
752,899
752,900
753,889
753,890
753,891
753,892
753,893
753,894
753,895
753,896
753,897
753,898
753,899
753,900
754,889
754,890
754,891
754,892
754,893
754,894
754,895
754,896
754,897
754,898
754,899
754,900
755,889
756,890
757,891
758,892
759,895
760,896
761,897
762,893
763,894
764,898
765,899
766,900
767,889
767,890
767,891
767,892
767,893
767,894
767,895
767,896
767,897
767,898
767,899
767,900
768,889
768,890
768,891
768,892
768,893
768,894
768,895
768,896
768,897
768,898
768,899
768,900
769,889
769,890
769,891
769,892
769,893
769,894
769,895
769,896
769,897
769,898
769,899
769,900
770,889
770,890
770,891
770,892
770,893
770,894
770,895
770,896
770,897
770,898
770,899
770,900
771,905
771,906
771,907
771,908
771,909
771,910
771,911
771,912
772,905
772,906
772,907
772,908
772,909
772,910
772,911
772,912
773,905
773,906
773,907
773,908
773,909
773,910
773,911
773,912
774,905
774,906
774,907
774,908
774,909
774,910
774,911
774,912
775,905
775,906
775,907
775,908
775,909
775,910
775,911
775,912
776,905
776,906
776,907
776,908
776,909
776,910
776,911
776,912
776,1648
776,1649
776,7156
777,906
778,907
779,908
780,909
781,910
782,911
783,912
784,905
784,906
784,907
784,908
784,909
784,910
784,911
784,912
785,905
785,906
785,907
785,908
785,909
785,910
785,911
785,912
786,905
786,906
786,907
786,908
786,909
786,910
786,911
786,912
787,905
787,906
787,907
787,908
787,909
787,910
787,911
787,912
788,913
788,914
788,915
788,916
788,917
788,918
788,919
788,920
788,921
789,913
790,914
791,915
792,916
793,917
794,918
795,919
796,920
797,921
798,913
798,914
798,915
798,916
798,917
798,918
798,919
798,920
798,921
799,913
799,914
799,915
799,916
799,917
799,918
799,919
799,920
799,921
800,913
800,914
800,915
800,916
800,917
800,918
800,919
800,920
800,921
801,913
801,914
801,915
801,916
801,917
801,918
801,919
801,920
801,921
802,913
802,914
802,915
802,916
802,917
802,918
802,919
802,920
802,921
803,913
803,914
803,915
803,916
803,917
803,918
803,919
803,920
803,921
804,935
804,936
804,937
804,938
804,939
804,940
804,941
804,942
804,943
804,944
804,945
804,946
804,947
805,935
805,936
805,937
805,938
805,939
805,940
805,941
805,942
805,943
805,944
805,945
805,946
805,947
806,935
806,936
806,937
806,938
806,939
806,940
806,941
806,942
806,943
806,944
806,945
806,946
806,947
807,935
807,936
807,937
807,938
807,939
807,940
807,941
807,942
807,943
807,944
807,945
807,946
807,947
808,935
808,936
808,937
808,938
808,939
808,940
808,941
808,942
808,943
808,944
808,945
808,946
808,947
809,935
809,936
809,937
809,938
809,939
809,940
809,941
809,942
809,943
809,944
809,945
809,946
809,947
810,936
811,937
812,938
813,940
814,939
815,941
816,942
817,943
818,944
819,945
820,947
821,946
822,935
822,936
822,937
822,938
822,939
822,940
822,941
822,942
822,943
822,944
822,945
822,946
822,947
823,935
823,936
823,937
823,938
823,939
823,940
823,941
823,942
823,943
823,944
823,945
823,946
823,947
824,935
824,936
824,937
824,938
824,939
824,940
824,941
824,942
824,943
824,944
824,945
824,946
824,947
825,935
825,936
825,937
825,938
825,939
825,940
825,941
825,942
825,943
825,944
825,945
825,946
825,947
826,978
826,979
826,980
826,981
826,982
826,983
826,984
826,985
826,986
827,978
827,979
827,980
827,981
827,982
827,983
827,984
827,985
827,986
828,978
828,979
828,980
828,981
828,982
828,983
828,984
828,985
828,986
829,982
830,984
831,985
832,986
833,978
834,979
835,980
836,981
837,983
838,978
838,979
838,980
838,981
838,982
838,983
838,984
838,985
838,986
839,978
839,979
839,980
839,981
839,982
839,983
839,984
839,985
839,986
840,978
840,979
840,980
840,981
840,982
840,983
840,984
840,985
840,986
841,978
841,979
841,980
841,981
841,982
841,983
841,984
841,985
841,986
842,978
842,979
842,980
842,981
842,982
842,983
842,984
842,985
842,986
843,978
843,979
843,980
843,981
843,982
843,983
843,984
843,985
843,986
844,988
844,989
844,990
845,988
845,989
845,990
846,988
846,989
846,990
847,990
848,989
849,988
850,988
850,989
850,990
851,988
851,989
851,990
852,988
852,989
852,990
853,991
853,992
853,993
853,994
854,991
854,992
854,993
854,994
855,991
855,992
855,993
855,994
856,991
857,992
858,993
859,994
860,991
860,992
860,993
860,994
861,991
861,992
861,993
861,994
862,991
862,992
862,993
862,994
863,995
864,996
865,997
866,998
867,997
867,998
868,1018
868,1019
868,1020
868,1021
869,1018
870,1019
871,1018
871,1019
871,1020
871,1021
872,1018
872,1019
872,1020
872,1021
873,1018
873,1019
873,1020
873,1021
874,1018
874,1019
874,1020
874,1021
875,1018
875,1019
875,1020
875,1021
876,1031
876,1032
876,1033
876,1034
876,1035
876,1036
876,1037
876,1038
876,1039
876,1040
876,1041
876,1042
876,1043
876,1044
876,1045
876,1046
877,1031
877,1032
877,1033
877,1034
877,1035
877,1036
877,1037
877,1038
877,1039
877,1040
877,1041
877,1042
878,1031
878,1032
878,1033
878,1034
878,1035
878,1036
878,1037
878,1038
878,1039
878,1040
878,1041
878,1042
879,1031
879,1032
879,1033
879,1034
879,1035
879,1036
879,1037
879,1038
879,1039
879,1040
879,1041
879,1042
880,1031
880,1032
880,1033
880,1034
880,1035
880,1036
880,1037
880,1038
880,1039
880,1040
880,1041
880,1042
881,1031
882,1032
883,1033
884,1034
885,1035
886,1036
887,1037
888,1038
889,1039
890,1040
891,1041
892,1042
893,1031
893,1032
893,1033
893,1034
893,1035
893,1036
893,1037
893,1038
893,1039
893,1040
893,1041
893,1042
894,1031
894,1032
894,1033
894,1034
894,1035
894,1036
894,1037
894,1038
894,1039
894,1040
894,1041
894,1042
895,1031
895,1032
895,1033
895,1034
895,1035
895,1036
895,1037
895,1038
895,1039
895,1040
895,1041
895,1042
896,1031
896,1032
896,1033
896,1034
896,1035
896,1036
896,1037
896,1038
896,1039
896,1040
896,1041
896,1042
897,1031
897,1032
897,1033
897,1034
897,1035
897,1036
897,1037
897,1038
897,1039
897,1040
897,1041
897,1042
897,1043
897,1044
897,1045
897,1046
898,1043
898,1044
898,1045
898,1046
899,1043
900,1044
901,1045
902,1046
903,1043
903,1044
903,1045
903,1046
904,1031
904,1032
904,1033
904,1034
904,1035
904,1036
904,1037
904,1038
904,1039
904,1040
904,1041
904,1042
904,1043
904,1044
904,1045
904,1046
905,1043
905,1044
905,1045
905,1046
906,1031
906,1032
906,1033
906,1034
906,1035
906,1036
906,1037
906,1038
906,1039
906,1040
906,1041
906,1042
906,1043
906,1044
906,1045
906,1046
907,1071
907,1072
907,1073
907,1074
907,1075
907,1076
907,1077
907,1078
908,1071
908,1072
908,1073
908,1074
908,1075
908,1076
908,1077
908,1078
909,1074
910,1073
911,1072
912,1075
913,1076
914,1077
915,1071
915,1072
915,1073
915,1074
915,1075
915,1076
915,1077
915,1078
916,1071
916,1072
916,1073
916,1074
916,1075
916,1076
916,1077
916,1078
917,1071
917,1072
917,1073
917,1074
917,1075
917,1076
917,1077
917,1078
918,1071
918,1072
918,1073
918,1074
918,1075
918,1076
918,1077
918,1078
919,1071
919,1072
919,1073
919,1074
919,1075
919,1076
919,1077
919,1078
919,1079
919,1080
919,1081
919,1118
920,1079
920,1080
920,1081
921,1079
922,1080
923,1079
923,1080
923,1081
924,1071
924,1072
924,1073
924,1074
924,1075
924,1076
924,1077
924,1078
924,1079
924,1080
924,1081
925,1082
925,1083
925,1084
925,1085
926,1082
926,1083
926,1084
926,1085
927,1082
927,1083
927,1084
927,1085
928,1082
929,1083
930,1084
931,1082
931,1083
931,1084
931,1085
932,1082
932,1083
932,1084
932,1085
933,1082
933,1083
933,1084
933,1085
934,1031
934,1032
934,1033
934,1034
934,1035
934,1036
934,1037
934,1038
934,1039
934,1040
934,1041
934,1042
935,1098
935,1099
935,1100
935,1101
935,1102
935,1103
935,1104
935,1105
935,1106
935,1107
935,1108
935,1109
935,1110
936,1098
936,1099
936,1100
936,1101
936,1102
936,1103
936,1104
936,1105
936,1106
936,1107
936,1108
936,1109
936,1110
937,1098
937,1099
937,1100
937,1101
937,1102
937,1103
937,1104
937,1105
937,1106
937,1107
937,1108
937,1109
937,1110
938,1098
938,1099
938,1100
938,1101
938,1102
938,1103
938,1104
938,1105
938,1106
938,1107
938,1108
938,1109
938,1110
939,1098
940,1099
941,1100
942,1101
943,1102
944,1103
945,1104
946,1108
947,1109
948,1110
949,1098
949,1099
949,1100
949,1101
949,1102
949,1103
949,1104
949,1105
949,1106
949,1107
949,1108
949,1109
949,1110
950,1098
950,1099
950,1100
950,1101
950,1102
950,1103
950,1104
950,1105
950,1106
950,1107
950,1108
950,1109
950,1110
951,1098
951,1099
951,1100
951,1101
951,1102
951,1103
951,1104
951,1105
951,1106
951,1107
951,1108
951,1109
951,1110
952,1098
952,1099
952,1100
952,1101
952,1102
952,1103
952,1104
952,1105
952,1106
952,1107
952,1108
952,1109
952,1110
952,1111
952,1112
953,1111
953,1112
954,1098
954,1099
954,1100
954,1101
954,1102
954,1103
954,1104
954,1105
954,1106
954,1107
954,1108
954,1109
954,1110
954,1111
954,1112
955,1113
955,1114
955,1115
955,1116
956,1116
957,1113
958,1114
959,1115
960,1113
960,1114
960,1115
960,1116
961,1113
961,1114
961,1115
961,1116
962,1113
962,1114
962,1115
962,1116
963,1113
963,1114
963,1115
963,1116
964,1174
964,1175
964,1176
964,1177
964,1178
964,1179
964,1180
965,1174
965,1175
965,1176
965,1177
965,1178
965,1179
965,1180
966,1174
966,1175
966,1176
966,1177
966,1178
966,1179
966,1180
967,1174
968,1175
969,1176
970,1177
971,1178
972,1174
972,1175
972,1176
972,1177
972,1178
972,1179
972,1180
973,1174
973,1175
973,1176
973,1177
973,1178
973,1179
973,1180
974,1174
974,1175
974,1176
974,1177
974,1178
974,1179
974,1180
975,1174
975,1175
975,1176
975,1177
975,1178
975,1179
975,1180
975,1265
976,1181
976,1182
976,1183
976,1184
976,1185
977,1181
977,1182
977,1183
977,1184
977,1185
978,1181
979,1182
980,1184
981,1183
982,1181
982,1182
982,1183
982,1184
982,1185
983,1181
983,1182
983,1183
983,1184
983,1185
984,1181
984,1182
984,1183
984,1184
984,1185
985,1181
985,1182
985,1183
985,1184
985,1185
986,1181
986,1182
986,1183
986,1184
986,1185
987,1186
987,1187
987,1188
987,1189
988,1181
988,1182
988,1183
988,1184
988,1185
989,1186
989,1187
989,1188
989,1189
990,1186
990,1187
990,1188
990,1189
991,1188
992,1189
993,1187
994,1186
995,1186
995,1187
995,1188
995,1189
996,1186
996,1187
996,1188
996,1189
997,1186
997,1187
997,1188
997,1189
998,1186
998,1187
998,1188
998,1189
999,1186
999,1187
999,1188
999,1189
1000,675
1000,676
1000,677
1000,678
1000,679
1000,680
1000,681
1000,682
1000,683
1000,684
1000,685
1000,686
1000,687
1000,688
1000,689
1000,690
1000,691
1000,692
1000,693
1000,694
1001,675
1001,676
1001,677
1001,678
1001,679
1001,680
1001,681
1001,682
1001,683
1001,684
1001,685
1001,686
1001,687
1001,688
1001,689
1001,690
1001,691
1001,692
1001,693
1001,694
1002,675
1002,676
1002,677
1002,678
1002,679
1002,680
1002,681
1002,682
1002,683
1002,684
1002,685
1002,686
1002,687
1002,688
1002,689
1002,690
1002,691
1002,692
1002,693
1002,694
1003,675
1003,676
1003,677
1003,678
1003,679
1003,680
1003,681
1003,682
1003,683
1003,684
1003,685
1003,686
1003,687
1003,688
1003,689
1003,690
1003,691
1003,692
1003,693
1003,694
1004,675
1004,676
1004,677
1004,678
1004,679
1004,680
1004,681
1004,682
1004,683
1004,684
1004,685
1004,686
1004,687
1004,688
1004,689
1004,690
1004,691
1004,692
1004,693
1004,694
1005,675
1005,676
1005,677
1005,678
1005,679
1005,680
1005,681
1005,682
1005,683
1005,684
1005,685
1005,686
1005,687
1005,688
1005,689
1005,690
1005,691
1005,692
1005,693
1005,694
1006,675
1006,676
1006,677
1006,678
1006,679
1006,680
1006,681
1006,682
1006,683
1006,684
1006,685
1006,686
1006,687
1006,688
1006,689
1006,690
1006,691
1006,692
1006,693
1006,694
1007,675
1007,676
1007,677
1007,678
1007,679
1007,680
1007,681
1007,682
1007,683
1007,684
1007,685
1007,686
1007,687
1007,688
1007,689
1007,690
1007,691
1007,692
1007,693
1007,694
1008,675
1008,676
1008,677
1008,678
1008,679
1008,680
1008,681
1008,682
1008,683
1008,684
1008,685
1008,686
1008,687
1008,688
1008,689
1008,690
1008,691
1008,692
1008,693
1008,694
1009,1207
1009,1208
1009,1209
1010,1207
1010,1208
1010,1209
1011,1207
1012,1208
1013,1207
1013,1208
1013,1209
1014,1207
1014,1208
1014,1209
1015,1207
1015,1208
1015,1209
1016,1222
1016,1223
1016,1224
1016,1225
1016,1226
1016,1227
1017,1222
1017,1223
1017,1224
1017,1225
1017,1226
1017,1227
1018,1222
1018,1223
1018,1224
1018,1225
1018,1226
1018,1227
1019,1222
1019,1223
1019,1224
1019,1225
1019,1226
1019,1227
1020,1222
1020,1223
1020,1224
1020,1225
1021,1222
1022,1223
1023,1224
1024,1225
1025,1222
1025,1223
1025,1224
1025,1225
1025,1226
1025,1227
1026,1222
1026,1223
1026,1224
1026,1225
1026,1226
1026,1227
1027,1222
1027,1223
1027,1224
1027,1225
1027,1226
1027,1227
1028,1228
1028,1229
1028,1230
1029,1228
1029,1229
1029,1230
1030,1228
1030,1229
1030,1230
1031,1228
1031,1229
1031,1230
1032,1229
1033,1228
1034,1228
1034,1229
1034,1230
1035,1228
1035,1229
1035,1230
1036,1228
1036,1229
1036,1230
1037,1255
1038,1255
1038,1256
1039,1294
1039,1295
1039,1296
1039,1297
1040,1294
1040,1295
1040,1296
1040,1297
1041,1294
1042,1295
1043,1297
1044,1296
1045,1294
1045,1295
1045,1296
1045,1297
1046,1294
1046,1295
1046,1296
1046,1297
1047,1294
1047,1295
1047,1296
1047,1297
1048,1294
1048,1295
1048,1296
1048,1297
1049,1298
1049,1299
1050,1298
1050,1299
1051,1298
1051,1299
1052,1298
1052,1299
1053,1300
1054,1300
1055,1300
1056,1300
1057,1301
1058,1302
1059,1303
1059,1304
1060,1303
1060,1304
1061,1303
1062,1304
1063,1303
1063,1304
1064,1303
1064,1304
1065,1303
1065,1304
1066,995
1067,996
1068,1359
1068,1360
1068,1361
1069,1359
1069,1360
1069,1361
1070,1359
1070,1360
1070,1361
1071,1359
1072,1360
1073,1361
1074,1359
1074,1360
1074,1361
1075,1359
1075,1360
1075,1361
1076,1384
1076,1385
1076,1386
1076,1387
1076,1388
1077,1384
1077,1385
1077,1386
1077,1387
1077,1388
1078,1384
1078,1385
1078,1386
1078,1387
1078,1388
1079,1388
1080,1387
1081,1386
1082,1385
1083,1384
1083,1385
1083,1386
1083,1387
1083,1388
1083,1404
1083,2247
1083,2252
1083,2254
1083,2256
1083,7143
1084,1384
1084,1385
1084,1386
1084,1387
1084,1388
1085,1384
1085,1385
1085,1386
1085,1387
1085,1388
1086,1384
1086,1385
1086,1386
1086,1387
1086,1388
1087,1384
1087,1385
1087,1386
1087,1387
1087,1388
1088,1384
1088,1385
1088,1386
1088,1387
1088,1388
1089,1409
1089,1410
1090,1409
1091,1410
1092,1409
1092,1410
1093,1409
1093,1410
1094,1411
1094,1412
1094,1413
1094,1414
1094,1415
1094,1416
1094,1417
1094,1418
1095,1411
1095,1412
1095,1413
1095,1414
1095,1415
1095,1416
1095,1417
1095,1418
1096,1411
1096,1412
1096,1413
1096,1414
1096,1415
1096,1416
1096,1417
1096,1418
1096,1505
1096,1732
1096,7144
1097,1413
1098,1414
1099,1412
1100,1416
1101,1417
1102,1411
1102,1412
1102,1413
1102,1414
1102,1415
1102,1416
1102,1417
1102,1418
1103,1411
1103,1412
1103,1413
1103,1414
1103,1415
1103,1416
1103,1417
1103,1418
1104,1411
1104,1412
1104,1413
1104,1414
1104,1415
1104,1416
1104,1417
1104,1418
1105,1429
1105,1430
1105,1431
1105,1432
1106,1429
1106,1430
1106,1431
1106,1432
1107,1429
1107,1430
1107,1431
1107,1432
1108,1427
1108,1428
1108,1429
1108,1430
1108,1431
1108,1432
1108,1433
1108,1601
1108,1602
1108,1603
1108,7161
1109,1430
1110,1431
1111,1432
1112,1427
1112,1428
1112,1429
1112,1430
1112,1431
1112,1432
1112,1433
1113,1429
1113,1430
1113,1431
1113,1432
1114,1429
1114,1430
1114,1431
1114,1432
1115,1427
1115,1428
1115,1429
1115,1430
1115,1431
1115,1432
1115,1433
1116,1442
1116,1443
1116,1444
1116,1445
1116,1446
1116,1447
1116,1448
1116,1449
1116,1450
1117,1442
1117,1443
1117,1444
1117,1445
1117,1446
1117,1447
1117,1448
1117,1449
1117,1450
1118,1446
1119,1447
1120,1442
1121,1442
1121,1443
1121,1444
1121,1445
1121,1446
1121,1447
1121,1448
1121,1449
1121,1450
1121,1650
1121,7159
1122,1444
1123,1445
1124,1448
1125,1449
1126,1450
1127,1442
1127,1443
1127,1444
1127,1445
1127,1446
1127,1447
1127,1448
1127,1449
1127,1450
1128,1442
1128,1443
1128,1444
1128,1445
1128,1446
1128,1447
1128,1448
1128,1449
1128,1450
1129,1442
1129,1443
1129,1444
1129,1445
1129,1446
1129,1447
1129,1448
1129,1449
1129,1450
1130,1442
1130,1443
1130,1444
1130,1445
1130,1446
1130,1447
1130,1448
1130,1449
1130,1450
1131,1442
1131,1443
1131,1444
1131,1445
1131,1446
1131,1447
1131,1448
1131,1449
1131,1450
1132,1442
1132,1443
1132,1444
1132,1445
1132,1446
1132,1447
1132,1448
1132,1449
1132,1450
1133,1483
1133,1484
1133,1485
1133,1486
1133,1487
1133,1488
1134,1483
1134,1484
1134,1485
1134,1486
1134,1487
1134,1488
1135,1483
1135,1484
1135,1485
1135,1486
1135,1487
1135,1488
1136,1483
1136,1484
1136,1485
1136,1486
1136,1487
1136,1488
1137,1483
1137,1484
1137,1485
1137,1486
1137,1487
1137,1488
1137,1583
1137,1584
1137,1585
1137,1586
1137,7157
1138,1484
1139,1486
1140,1485
1141,1487
1142,1488
1143,1483
1143,1484
1143,1485
1143,1486
1143,1487
1143,1488
1144,1483
1144,1484
1144,1485
1144,1486
1144,1487
1144,1488
1145,1483
1145,1484
1145,1485
1145,1486
1145,1487
1145,1488
1146,1489
1146,1490
1146,1491
1146,1492
1146,1493
1146,1494
1146,1495
1147,1489
1147,1490
1147,1491
1147,1492
1147,1493
1147,1494
1147,1495
1148,1489
1148,1490
1148,1491
1148,1492
1148,1493
1148,1494
1148,1495
1149,1489
1149,1490
1149,1491
1149,1492
1149,1493
1149,1494
1149,1495
1149,2242
1149,2257
1149,2258
1149,7160
1150,1490
1151,1491
1152,1492
1153,1493
1154,1489
1154,1490
1154,1491
1154,1492
1154,1493
1154,1494
1154,1495
1155,1489
1155,1490
1155,1491
1155,1492
1155,1493
1155,1494
1155,1495
1156,1489
1156,1490
1156,1491
1156,1492
1156,1493
1156,1494
1156,1495
1157,1489
1157,1490
1157,1491
1157,1492
1157,1493
1157,1494
1157,1495
1158,1496
1159,1496
1159,1497
1159,1790
1159,1791
1159,1792
1159,1793
1159,1794
1159,1795
1159,1796
1159,1797
1159,7065
1160,1496
1160,1497
1161,1530
1161,1531
1161,1532
1161,1533
1161,1534
1161,1535
1161,1536
1161,1537
1161,1538
1161,1539
1161,1540
1161,1541
1161,1542
1161,1543
1161,1544
1161,1545
1162,1530
1162,1531
1162,1532
1162,1533
1162,1534
1162,1535
1162,1536
1162,1537
1162,1538
1162,1539
1162,1540
1162,1541
1162,1542
1162,1543
1162,1544
1162,1545
1163,1530
1163,1531
1163,1532
1163,1533
1163,1534
1163,1535
1163,1536
1163,1537
1163,1538
1163,1539
1163,1540
1163,1541
1163,1542
1163,1543
1163,1544
1163,1545
1164,1536
1165,1537
1166,1538
1167,1535
1168,1534
1169,1533
1170,1532
1171,1531
1172,1530
1173,1541
1174,1542
1175,1543
1176,1544
1177,1530
1177,1531
1177,1532
1177,1533
1177,1534
1177,1535
1177,1536
1177,1537
1177,1538
1177,1539
1177,1540
1177,1541
1177,1542
1177,1543
1177,1544
1177,1545
1178,1530
1178,1531
1178,1532
1178,1533
1178,1534
1178,1535
1178,1536
1178,1537
1178,1538
1178,1539
1178,1540
1178,1541
1178,1542
1178,1543
1178,1544
1178,1545
1179,1530
1179,1531
1179,1532
1179,1533
1179,1534
1179,1535
1179,1536
1179,1537
1179,1538
1179,1539
1179,1540
1179,1541
1179,1542
1179,1543
1179,1544
1179,1545
1180,3764
1180,3765
1180,3766
1181,3764
1181,3765
1181,3766
1182,3764
1182,3765
1182,3766
1183,3764
1184,3765
1185,3766
1186,3764
1186,3765
1186,3766
1187,3764
1187,3765
1187,3766
1190,8104
1197,8104
1197,8105
1197,8106
1197,8107
1198,8104
1198,8105
1198,8106
1198,8107
1198,8108
1198,8109
1198,8110
1198,8111
1199,8109
1202,8110
1202,8111
1203,8112
1203,8113
1203,8114
1203,8115
1203,8116
1203,8117
1203,8118
1203,8119
1203,8120
1203,8121
1203,8122
1203,8123
1203,8124
1203,8125
1203,8126
1203,8127
1203,8128
1203,8129
1203,8130
1203,8131
1204,8112
1204,8113
1204,8114
1204,8115
1204,8116
1204,8117
1204,8118
1204,8119
1204,8120
1204,8121
1204,8122
1204,8123
1204,8124
1204,8125
1204,8126
1204,8127
1204,8128
1204,8129
1204,8130
1204,8131
1205,8112
1206,8113
1207,8114
1208,8115
1209,8116
1210,8117
1211,8118
1212,8119
1213,8120
1214,8121
1215,8122
1216,8123
1217,8124
1218,8125
1219,8126
1220,8127
1221,8128
1222,8129
1223,8130
1224,8131
1225,8112
1225,8113
1225,8114
1225,8115
1225,8116
1225,8117
1225,8118
1225,8119
1225,8120
1225,8121
1225,8122
1225,8123
1225,8124
1225,8125
1225,8126
1225,8127
1225,8128
1225,8129
1225,8130
1225,8131
1226,8112
1226,8113
1226,8114
1226,8115
1226,8116
1226,8117
1226,8118
1226,8119
1226,8120
1226,8121
1226,8122
1226,8123
1226,8124
1226,8125
1226,8126
1226,8127
1226,8128
1226,8129
1226,8130
1226,8131
1227,8126
1227,8127
1227,8128
1227,8129
1227,8130
1227,8131
1228,8126
1228,8127
1228,8128
1228,8129
1228,8130
1228,8131
1229,8112
1229,8113
1229,8114
1229,8115
1229,8116
1229,8117
1229,8118
1229,8119
1229,8120
1229,8121
1229,8122
1229,8123
1229,8124
1229,8125
1230,8112
1230,8113
1230,8114
1230,8115
1230,8116
1230,8117
1230,8118
1230,8119
1230,8120
1230,8121
1230,8122
1230,8123
1230,8124
1230,8125
1231,8112
1231,8113
1231,8114
1231,8115
1231,8116
1231,8117
1231,8118
1231,8119
1231,8120
1231,8121
1231,8122
1231,8123
1231,8124
1231,8125
1231,8126
1231,8127
1231,8128
1231,8129
1231,8130
1231,8131
1232,8112
1232,8113
1232,8114
1232,8115
1232,8116
1232,8117
1232,8118
1232,8119
1232,8120
1232,8121
1232,8122
1232,8123
1232,8124
1232,8125
1232,8126
1232,8127
1232,8128
1232,8129
1232,8130
1232,8131
1233,8112
1233,8113
1233,8114
1233,8115
1233,8116
1233,8117
1233,8118
1233,8119
1233,8120
1233,8121
1233,8122
1233,8123
1233,8124
1233,8125
1233,8126
1233,8127
1233,8128
1233,8129
1233,8130
1233,8131
1234,8112
1234,8113
1234,8114
1234,8115
1234,8116
1234,8117
1234,8118
1234,8119
1234,8120
1234,8121
1234,8122
1234,8123
1234,8124
1234,8125
1234,8126
1234,8127
1234,8128
1234,8129
1234,8130
1234,8131
1235,8112
1235,8113
1235,8114
1235,8115
1235,8116
1235,8117
1235,8118
1235,8119
1235,8120
1235,8121
1235,8122
1235,8123
1235,8124
1235,8125
1235,8126
1235,8127
1235,8128
1235,8129
1235,8130
1235,8131
1236,8112
1236,8113
1236,8114
1236,8115
1236,8116
1236,8117
1236,8118
1236,8119
1236,8120
1236,8121
1236,8122
1236,8123
1236,8124
1236,8125
1236,8126
1236,8127
1236,8128
1236,8129
1236,8130
1236,8131
1237,8112
1237,8113
1237,8114
1237,8115
1237,8116
1237,8117
1237,8118
1237,8119
1237,8120
1237,8121
1237,8122
1237,8123
1237,8124
1237,8125
1237,8126
1237,8127
1237,8128
1237,8129
1237,8130
1237,8131
1238,8112
1238,8113
1238,8114
1238,8115
1238,8116
1238,8117
1238,8118
1238,8119
1238,8120
1238,8121
1238,8122
1238,8123
1238,8124
1238,8125
1238,8126
1238,8127
1238,8128
1238,8129
1238,8130
1238,8131
